,A1,A2,A3,A4,AA1,AA2,AA3,AA4,B1,B2,B3,B4
ASV99,41351,4439,6463,25808,19071,22151,23515,5375,28379,7421,7214,6400
ASV98,22693,1939,623,13604,11262,292,663,199,264,499,310,129
ASV97,22012,3142,4685,13811,10642,14264,1323,8689,11039,4270,1261,4053
ASV96,8161,2861,2258,2677,12782,8987,2201,7119,3538,1630,2327,826
ASV95,7923,1021,2056,5331,4513,6692,6744,2382,6347,3172,1636,2046
ASV94,6551,991,3060,2285,5589,17687,4563,2317,26480,2038,2340,4584
ASV93,5192,132,88,3629,74,183,79,138,54,176,191,104
ASV92,4071,487,616,2832,1876,1730,1789,364,2377,511,647,518
ASV91,3614,389,141,908,4993,1427,2671,608,491,556,974,220
ASV90,3269,4087,3265,1711,22156,9065,11559,2914,2565,4858,5272,3664
ASV9,3056,0,0,749,828,389,1947,0,133,0,187,0
ASV89,2948,0,0,897,1110,62,401,0,0,0,0,0
ASV88,2048,0,0,436,784,227,477,36,0,16,123,0
ASV87,1957,0,450,1336,4358,2142,9355,2619,11397,5303,2592,9040
ASV86,1848,190,3185,899,199,12326,1242,867,5789,959,517,555
ASV85,1296,262,172,3109,82,0,0,0,3,11,0,0
ASV84,932,0,0,351,0,0,0,0,0,0,0,0
ASV83,869,0,0,246,126,222,0,0,0,0,0,0
ASV82,753,705,362,136,3840,1212,8473,369,406,1796,2051,150
ASV81,576,133,190,122,2197,1789,2099,269,887,223,319,273
ASV80,520,0,205,107,73,2083,95,224,452,0,0,0
ASV8,456,1800,2366,1430,1530,576,434,2113,0,0,1738,0
ASV79,419,791,957,2113,340,109,0,13,0,73,33,0
ASV78,396,0,0,146,0,0,0,0,0,0,0,0
ASV77,381,0,0,139,0,144,0,0,0,0,0,0
ASV76,374,346,2408,453,770,8381,1215,478,2834,229,226,560
ASV75,326,0,0,167,0,0,0,0,0,0,0,0
ASV74,282,309,228,742,150,93,0,0,0,0,0,0
ASV73,273,0,0,49,87,177,0,0,0,0,0,0
ASV72,224,0,0,205,0,0,0,0,0,0,0,0
ASV71,224,0,0,167,0,140,133,0,164,0,0,0
ASV70,211,76,73,255,0,0,0,0,0,0,0,0
ASV7,209,0,84,0,0,677,176,61,83,0,0,0
ASV69,207,0,40,289,0,0,0,0,0,0,0,0
ASV68,207,113,346,119,253,960,7337,130,90,106,1961,120
ASV67,205,0,0,77,0,0,0,0,0,0,0,0
ASV66,204,0,0,0,85,198,0,0,0,0,0,0
ASV65,197,0,0,0,67,0,0,0,0,0,0,0
ASV64,176,0,0,124,83,116,108,0,140,0,58,0
ASV63,172,353,651,349,225,238,0,0,0,0,0,0
ASV62,165,0,0,0,73,0,0,0,0,0,0,0
ASV61,159,155,107,220,133,0,0,0,0,0,0,0
ASV60,150,79,65,288,48,13,0,0,0,0,0,0
ASV6,150,386,117,197,0,94,0,29,0,0,3,0
ASV59,148,0,0,0,0,0,0,0,0,0,0,0
ASV58,146,172,97,2442,60,16,0,0,0,0,10,0
ASV57,145,351,804,361,106,81,0,3,0,0,7,0
ASV56,145,0,0,168,0,0,0,0,0,0,0,0
ASV55,137,0,0,0,202,0,64,0,0,0,0,0
ASV54,135,136,129,304,45,0,0,0,0,0,0,0
ASV53,130,115,528,120,75,2127,51,127,231,70,0,0
ASV52,129,176,150,442,95,64,0,0,0,0,0,0
ASV51,123,288,127,39,1633,114,7081,1429,2362,607,1786,640
ASV50,118,198,347,124,43,56,5,1375,0,84,0,0
ASV5,113,0,0,68,79,60,68,0,79,60,0,0
ASV49,111,140,95,176,70,67,0,0,0,0,0,0
ASV48,101,73,109,178,82,0,0,28,0,0,0,0
ASV47,96,0,0,51,203,0,0,0,0,0,0,0
ASV46,94,0,0,74,0,0,0,0,45,0,0,0
ASV45,94,0,0,77,0,53,63,0,82,0,0,0
ASV44,92,0,0,0,0,0,0,0,0,0,0,0
ASV43,90,0,0,0,0,0,0,0,0,0,0,0
ASV42,86,0,0,48,0,0,0,0,0,0,0,0
ASV41,85,0,0,53,60,61,68,0,107,0,0,0
ASV40,85,93,166,237,69,92,0,0,0,0,0,0
ASV4,84,0,0,0,85,123,0,0,0,0,0,0
ASV39,82,107,1425,206,94,111,0,0,0,16,0,0
ASV38,78,0,0,57,0,0,0,0,0,0,0,0
ASV37,76,319,389,394,0,27,0,0,0,0,0,0
ASV36,74,0,0,62,0,0,0,0,0,0,0,0
ASV35,74,0,0,47,58,55,0,0,74,0,0,0
ASV34,74,0,0,37,0,417,0,0,0,0,0,0
ASV33,72,0,0,35,0,0,0,0,55,0,0,0
ASV32,69,218,664,112,114,2260,173,166,80,218,0,0
ASV31,68,0,0,42,0,0,0,0,0,0,0,0
ASV307,67,0,0,68,0,0,0,0,118,0,0,31
ASV306,67,121,45,36,76,49,358,17202,2448,2176,475,1062
ASV305,66,0,78,0,0,0,0,0,0,0,0,0
ASV304,65,0,0,33,0,0,0,0,0,0,0,0
ASV303,65,0,0,18,0,0,0,0,14,0,0,34
ASV302,63,254,395,371,59,97,20,2335,619,58,0,511
ASV301,63,50,161,358,0,0,0,0,0,0,0,0
ASV300,61,0,0,0,0,173,0,0,0,0,0,0
ASV30,61,0,0,41,0,0,0,0,157,0,0,0
ASV3,61,162,0,247,0,0,0,0,0,0,0,0
ASV299,60,0,0,39,0,40,0,0,0,0,0,0
ASV298,58,0,39,90,95,0,136,125,106,0,0,81
ASV297,56,0,0,52,0,0,0,0,0,0,0,0
ASV296,56,0,18,82,0,0,25,1016,0,0,0,0
ASV295,55,0,0,35,0,0,0,0,0,0,0,0
ASV294,55,38,33,159,0,0,34,58,0,0,25,0
ASV293,54,200,0,0,0,0,0,0,0,0,0,0
ASV292,54,0,0,0,0,0,0,32,0,0,0,0
ASV291,53,0,0,49,0,0,0,0,0,41,0,0
ASV290,51,29,38,32,67,41,63,18,0,0,0,0
ASV29,50,0,0,0,0,0,0,0,0,0,0,0
ASV289,48,0,0,8,0,0,0,23,20,0,0,48
ASV288,47,0,0,15,0,0,0,0,19,0,0,12
ASV287,47,0,0,39,25,0,0,0,0,0,0,0
ASV286,45,18,417,102,0,21,242,593,263,791,489,953
ASV285,45,0,0,0,0,0,0,0,0,0,0,0
ASV284,44,348,83,94,10,0,0,74,106,0,51,0
ASV283,43,0,0,0,60,0,0,0,0,0,0,0
ASV282,43,0,0,0,0,0,0,0,0,0,0,0
ASV281,43,0,0,0,0,0,0,0,0,0,0,0
ASV280,43,0,0,40,0,0,0,0,0,0,0,0
ASV28,42,0,0,0,22,0,0,0,0,0,0,0
ASV279,41,0,0,0,0,0,0,0,0,0,0,0
ASV278,41,0,0,0,0,0,0,0,0,0,0,0
ASV277,40,0,0,60,0,0,0,0,0,0,0,0
ASV276,40,0,0,0,0,0,0,0,0,0,0,0
ASV275,38,0,85,88,104,0,0,0,0,0,0,0
ASV274,37,0,0,0,47,0,0,41,0,0,0,0
ASV273,37,0,0,0,0,0,0,0,0,0,0,0
ASV272,37,0,0,0,0,0,0,0,0,0,0,0
ASV271,37,61,57,138,0,0,114,0,228,0,435,0
ASV270,36,26,95,217,0,0,1081,2931,4935,2192,499,5792
ASV27,35,0,0,37,0,0,0,0,0,0,0,0
ASV269,34,0,0,0,0,0,0,0,0,0,0,0
ASV268,34,0,0,30,0,0,0,0,0,0,0,0
ASV267,33,0,6,161,0,0,0,0,0,0,0,0
ASV266,33,124,255,0,302,527,0,0,0,0,27,0
ASV265,32,68,55,0,0,0,0,46,0,0,0,0
ASV264,32,0,0,0,0,0,0,0,0,0,0,0
ASV263,31,0,0,0,0,0,0,0,0,0,0,0
ASV262,31,100,31,753,25,0,0,97,0,0,8,0
ASV261,30,0,0,0,0,0,0,0,0,0,0,0
ASV260,30,0,0,0,0,0,0,0,0,0,0,0
ASV26,30,1134,66,66,0,0,0,0,0,0,0,0
ASV259,29,0,0,0,0,0,0,0,0,0,0,0
ASV258,28,6,0,0,0,28,0,1620,159,181,230,249
ASV257,28,0,0,57,0,0,0,0,0,0,0,78
ASV256,28,0,0,0,0,0,0,0,0,0,0,0
ASV255,27,0,0,0,0,0,0,0,0,0,0,0
ASV254,27,0,0,0,0,0,0,0,0,0,0,0
ASV253,26,70,76,142,10,0,0,35,45,0,0,0
ASV252,25,0,0,53,0,0,0,0,0,0,0,0
ASV251,24,145,40,165,0,8,0,0,0,0,0,0
ASV250,22,135,50,308,0,0,0,0,0,0,0,0
ASV25,21,0,0,2218,0,0,0,0,0,0,3,6
ASV249,21,0,0,0,0,0,0,0,0,0,0,0
ASV248,21,0,0,3,0,0,0,0,0,0,0,0
ASV247,20,111,0,101,0,0,0,0,0,0,0,0
ASV246,19,0,0,0,0,0,0,0,0,0,0,0
ASV245,19,0,0,38,0,2,0,0,0,0,0,0
ASV244,18,62,83,187,0,0,66,65,112,568,364,0
ASV243,18,125,0,59,0,0,0,0,0,0,0,0
ASV242,18,0,66,151,0,0,0,0,0,0,0,0
ASV241,18,0,0,0,0,0,0,0,0,0,0,0
ASV240,18,227,53,135,0,0,0,0,0,0,0,0
ASV24,17,0,0,0,0,0,0,0,0,0,0,0
ASV239,17,0,0,0,0,0,0,0,0,0,0,0
ASV238,17,2769,605,410,75,20,55,70,60,1373,1571,956
ASV237,16,0,0,0,0,0,0,0,0,0,0,0
ASV236,15,0,0,0,0,0,0,0,0,0,0,0
ASV235,14,7,64,105,0,27,0,0,0,0,0,0
ASV234,14,0,0,0,16,9,0,4181,22,155,0,0
ASV233,14,0,0,0,0,0,0,0,0,0,0,0
ASV232,12,0,0,0,0,0,0,0,0,0,0,0
ASV231,12,0,0,0,0,0,0,0,0,0,0,0
ASV230,12,0,0,0,0,0,0,0,0,0,0,0
ASV23,12,0,0,0,0,0,0,0,0,0,0,0
ASV229,12,342,0,19,251,0,0,0,0,0,0,0
ASV228,11,11,0,125,0,0,0,0,0,0,0,0
ASV227,11,137,326,467,0,18,0,0,0,145,1464,672
ASV226,11,0,0,0,0,0,0,0,0,0,0,0
ASV225,11,0,0,0,0,0,0,0,0,0,0,0
ASV224,11,0,84,224,0,0,0,42,87,123,130,166
ASV223,11,805,143,305,15,4,0,0,0,0,0,0
ASV222,10,124,0,49,0,0,0,0,0,0,1508,0
ASV221,10,0,0,0,0,11,0,0,22,44,0,34
ASV220,10,0,0,0,0,0,0,0,0,0,0,0
ASV22,9,0,0,176,0,0,0,0,0,0,0,0
ASV219,9,127,0,90,13,0,0,0,0,0,0,0
ASV218,9,0,0,0,0,0,0,0,0,0,0,0
ASV217,9,98,168,167,0,0,0,0,0,18,0,0
ASV216,8,108,0,70,0,0,0,0,0,0,0,0
ASV215,8,0,46,253,0,0,0,0,0,0,0,0
ASV214,8,0,0,78,0,0,0,0,0,0,0,0
ASV213,7,0,0,0,0,0,0,0,0,0,0,0
ASV212,7,111,198,143,0,0,3,48,0,3721,229,666
ASV211,7,58,31,154,0,8,0,0,0,19,47,0
ASV210,7,64,156,278,0,0,0,0,0,0,0,0
ASV21,7,18,6,0,7,0,0,0,0,0,0,0
ASV209,6,64,0,32,0,0,0,0,0,0,0,0
ASV208,6,0,0,0,0,0,0,0,0,0,0,0
ASV207,6,0,0,867,0,6,0,0,0,0,0,0
ASV206,6,0,0,0,0,0,0,954,0,15,0,0
ASV205,6,27,36,0,0,0,0,0,0,0,0,0
ASV204,5,40,33,37,0,0,0,0,0,0,0,0
ASV203,5,57,62,107,0,4,0,0,0,0,0,0
ASV202,5,0,0,0,0,0,0,0,0,0,0,0
ASV201,5,0,0,0,0,0,0,0,0,0,0,0
ASV200,5,0,0,41,0,0,0,0,0,0,0,0
ASV20,5,32,11,9,0,0,0,0,0,0,0,0
ASV2,5,0,0,48,0,0,0,0,0,32,0,0
ASV199,4,0,0,88,0,0,0,0,0,0,0,0
ASV198,4,0,0,62,0,0,0,0,0,0,0,0
ASV197,3,0,0,0,0,0,0,0,0,0,0,0
ASV196,3,0,0,0,0,0,0,0,0,0,0,0
ASV195,3,0,0,0,0,0,0,0,0,0,0,0
ASV194,3,0,0,0,0,0,0,0,0,0,0,0
ASV193,3,0,0,0,0,0,0,0,0,0,0,0
ASV192,3,0,0,296,0,0,0,0,0,0,0,0
ASV191,3,23,0,0,0,0,0,0,0,0,0,0
ASV190,3,0,0,34,0,0,0,0,0,0,0,0
ASV19,3,0,52,0,0,0,0,0,0,0,0,0
ASV189,2,6,0,0,0,0,8,71,77,0,3017,12
ASV188,2,0,0,0,0,0,0,0,0,0,0,0
ASV187,2,0,0,0,0,0,0,0,0,0,0,0
ASV186,2,0,0,0,0,0,0,0,0,0,0,0
ASV185,2,0,0,0,0,0,0,0,0,0,0,0
ASV184,2,14,0,35,0,0,0,0,0,0,0,0
ASV183,0,65,25,0,0,0,0,0,0,0,0,0
ASV182,0,90,0,0,0,0,0,0,0,0,0,0
ASV181,0,0,0,0,0,0,0,0,0,0,91,0
ASV180,0,0,0,0,0,0,0,0,0,0,84,7
ASV18,0,0,0,0,0,0,0,0,0,0,48,43
ASV179,0,0,0,0,0,0,0,0,91,0,0,0
ASV178,0,0,0,0,0,0,0,91,0,0,0,0
ASV177,0,0,0,0,0,0,0,91,0,0,0,0
ASV176,0,0,0,0,0,0,0,1197,0,90,0,34
ASV175,0,0,0,0,0,0,0,91,0,0,0,0
ASV174,0,0,31,0,0,60,0,0,0,0,0,0
ASV173,0,0,91,0,0,0,0,0,0,0,0,0
ASV172,0,0,0,0,0,0,0,0,0,0,92,0
ASV171,0,0,0,0,0,92,0,0,0,0,0,0
ASV170,0,92,0,0,0,0,0,0,0,0,0,0
ASV17,0,0,0,0,0,0,0,0,0,93,0,0
ASV169,0,0,0,0,0,0,0,0,0,93,0,0
ASV168,0,70,99,172,0,0,13,0,0,510,195,294
ASV167,0,0,0,0,0,0,0,0,0,79,9,5
ASV166,0,0,50,43,0,0,0,0,0,0,0,0
ASV165,0,93,0,0,0,0,0,0,0,0,0,0
ASV164,0,59,16,0,18,0,0,0,0,0,0,0
ASV163,0,78,15,0,0,0,0,0,0,0,0,0
ASV162,0,0,0,0,0,0,0,0,0,0,94,0
ASV161,0,0,0,0,0,0,0,0,0,0,0,94
ASV160,0,0,0,0,0,0,0,94,0,0,0,0
ASV16,0,0,0,0,0,0,0,94,0,0,0,0
ASV159,0,0,0,0,0,0,0,0,0,886,367,121
ASV158,0,0,0,0,0,0,55,0,17,0,0,22
ASV157,0,0,70,0,24,0,0,0,0,0,0,0
ASV156,0,94,0,0,0,0,0,0,0,0,0,0
ASV155,0,94,0,0,0,0,0,0,0,0,0,0
ASV154,0,0,0,0,0,0,0,0,0,0,0,95
ASV153,0,18,75,2,0,0,0,0,0,0,0,0
ASV152,0,95,0,0,0,0,0,0,0,0,0,0
ASV151,0,38,34,23,0,0,0,0,0,0,0,0
ASV150,0,72,23,0,0,0,0,0,0,0,0,0
ASV15,0,46,49,0,0,0,0,0,0,0,0,0
ASV149,0,0,0,0,392,0,432,280,202,0,102,0
ASV148,0,95,0,0,0,0,0,0,0,0,0,0
ASV147,0,0,0,0,0,0,0,0,0,37,59,0
ASV146,0,0,0,0,0,0,0,0,0,96,0,0
ASV145,0,0,0,0,0,55,41,0,0,0,0,0
ASV144,0,0,96,0,0,0,0,0,0,0,0,0
ASV143,0,0,76,20,0,0,0,0,0,0,0,0
ASV142,0,52,44,0,0,0,0,0,0,0,0,0
ASV141,0,96,0,0,0,0,0,0,0,0,0,0
ASV140,0,0,0,0,0,0,0,0,0,97,0,0
ASV14,0,0,0,0,0,0,0,97,0,0,0,0
ASV139,0,0,0,0,0,0,0,97,0,0,0,0
ASV138,0,0,0,0,0,0,0,97,0,0,0,0
ASV137,0,0,0,97,0,0,0,0,0,0,0,0
ASV136,0,0,97,0,0,0,0,0,0,0,0,0
ASV135,0,28,69,0,0,0,0,0,0,0,0,0
ASV134,0,97,0,0,0,0,0,0,0,0,0,0
ASV133,0,0,0,0,36,62,0,0,0,0,0,0
ASV132,0,0,0,0,0,0,0,6,0,15,0,77
ASV131,0,0,0,0,0,0,98,0,0,0,0,0
ASV130,0,0,0,98,0,0,0,0,0,0,0,0
ASV13,0,0,0,0,0,0,0,0,15,0,0,1453
ASV129,0,0,16,0,0,0,0,0,0,0,82,0
ASV128,0,20,42,36,0,0,0,0,0,0,0,0
ASV127,0,69,21,8,0,0,0,0,0,0,0,0
ASV126,0,98,0,0,0,0,0,0,0,0,0,0
ASV125,0,0,0,0,0,0,0,0,0,0,99,0
ASV124,0,0,0,0,0,0,0,0,0,99,0,0
ASV123,0,0,0,0,0,0,0,0,0,85,14,0
ASV122,0,0,0,0,0,0,0,0,0,0,0,99
ASV121,0,0,0,0,0,0,0,99,0,0,0,0
ASV120,0,0,0,0,0,0,0,583,806,53,0,31
ASV12,0,0,0,0,0,0,20,0,0,72,7,0
ASV119,0,0,99,0,0,0,0,0,0,0,0,0
ASV118,0,15,72,12,0,0,0,0,0,0,0,0
ASV117,0,74,25,0,0,0,0,0,0,0,0,0
ASV116,0,0,0,0,0,0,0,0,0,15,85,0
ASV115,0,0,0,0,0,0,0,0,0,10,90,0
ASV114,0,0,0,0,0,0,0,100,0,0,0,0
ASV113,0,0,0,100,0,0,0,0,0,0,0,0
ASV112,0,0,100,0,0,0,0,0,0,0,0,0
ASV111,0,0,37,46,0,0,0,0,0,0,17,0
ASV110,0,26,0,0,0,0,694,0,9,312,396,39
ASV11,0,0,86,14,0,0,0,0,0,0,0,0
ASV109,0,100,0,0,0,0,0,0,0,0,0,0
ASV108,0,81,0,19,0,0,0,0,0,0,0,0
ASV107,0,0,0,0,0,0,0,0,0,0,101,0
ASV106,0,0,0,0,0,0,0,0,0,0,101,0
ASV105,0,0,0,0,0,0,0,0,0,0,101,0
ASV104,0,0,0,0,0,71,0,0,30,0,0,0
ASV103,0,0,0,0,0,0,0,101,0,0,0,0
ASV102,0,0,0,0,0,0,101,0,0,0,0,0
ASV101,0,0,0,0,0,0,1380,0,0,0,108,0
ASV100,0,0,36,65,0,0,0,0,0,0,0,0
ASV10,0,81,20,0,0,0,0,0,0,0,0,0
ASV1,0,0,0,0,0,0,0,0,0,41,61,0
