"","network","feature","r_pos","r_neg"
"1","IW","OTU_236",0.663936582407042,0
"2","IW","OTU_32",0.658505791566628,-0.704051101989197
"3","IW","OTU_1",0.629159052877399,0
"4","IW","OTU_59",0.645368128873984,0
"5","IW","OTU_2733",0.702417901994415,-0.67699774894994
"6","IW","OTU_52",0.715491613508835,-0.681228065016404
"7","IW","OTU_23",0.639573153066836,-0.648638677274657
"8","IW","OTU_2",0.686824425410117,-0.694094719194462
"9","IW","OTU_36",0.678965145207987,-0.638384688553018
"10","IW","OTU_192",0.657645211574039,-0.612582990200409
"11","IW","OTU_3",0.647993269463955,-0.603755065561172
"12","IW","OTU_2808",0.672764234694029,0
"13","IW","OTU_123",0.659373884751282,0
"14","IW","OTU_5",0.643963288727877,-0.647748506619753
"15","IW","OTU_55",0.678248201573445,0
"16","IW","OTU_1362",0.653576532715877,-0.623413895738613
"17","IW","OTU_16",0.633898559627826,-0.697170555549795
"18","IW","OTU_255",0.625969916174645,0
"19","IW","OTU_12",0.710639690117516,-0.689278589655844
"20","IW","OTU_443",0.654894330221487,-0.643468144460739
"21","IW","OTU_800",0,-0.680716752406727
"22","IW","OTU_332",0.66355851169145,-0.627995291895251
"23","IW","OTU_8",0.633790044544751,-0.62219713545511
"24","IW","OTU_169",0,-0.621603373028798
"25","IW","OTU_10487",0.71316471767984,-0.67446809023918
"26","IW","OTU_297",0.652118582846547,-0.649216783955188
"27","IW","OTU_19",0.699809434850346,-0.665901382705373
"28","IW","OTU_318",0.672102049114017,-0.629444360566267
"29","IW","OTU_195",0.660150648093539,-0.666273252000803
"30","IW","OTU_214",0.615157923776875,0
"31","IW","OTU_7",0,-0.609868100110149
"32","IW","OTU_175",0.723507375452377,-0.695532853555773
"33","IW","OTU_97",0.64582769062022,0
"34","IW","OTU_25",0.672894831266483,0
"35","IW","OTU_5380",0.630048000635638,-0.670059122362237
"36","IW","OTU_233",0.626710577637105,-0.650294427031844
"37","IW","OTU_5851",0.718799636615161,-0.667603835607376
"38","IW","OTU_2229",0.660731553473087,-0.649784648570797
"39","IW","OTU_102",0.649278721513992,0
"40","IW","OTU_2810",0.653999406660013,0
"41","IW","OTU_994",0.675883083363595,-0.63717424599428
"42","IW","OTU_1634",0.704872989806466,-0.66560872930848
"43","IW","OTU_218",0.689184981390865,-0.665694622195729
"44","IW","OTU_875",0.67870943887729,-0.662799614956825
"45","IW","OTU_79",0.651987131063951,-0.601217750625569
"46","IW","OTU_1751",0.650929401070887,-0.648165704283409
"47","IW","OTU_3436",0.638727850783222,-0.653331827762499
"48","IW","OTU_442",0.654482909015408,-0.645163658089913
"49","IW","OTU_105",0.640373585294562,0
"50","IW","OTU_17",0.653123936924379,-0.645983600288074
"51","IW","OTU_1641",0.692804858324931,-0.65195202868966
"52","IW","OTU_926",0.675746658390076,-0.67250599643045
"53","IW","OTU_361",0.616408049991747,0
"54","IW","OTU_131",0.611231685018199,0
"55","IW","OTU_6",0.643111527788106,0
"56","IW","OTU_334",0.653083495631844,-0.67633169711081
"57","IW","OTU_1313",0.655822317844436,0
"58","IW","OTU_1034",0.659149817212892,0
"59","IW","OTU_49",0.677848601613797,-0.682076517159616
"60","IW","OTU_372",0.624599794142233,0
"61","IW","OTU_101",0.705116552632828,0
"62","IW","OTU_241",0.692692879668431,0
"63","IW","OTU_72",0.676530132121538,-0.634102845555822
"64","IW","OTU_444",0.662445851849869,0
"65","IW","OTU_1601",0.711601336874088,-0.666909372791698
"66","IW","OTU_409",0.602174361790601,0
"67","IW","OTU_1759",0.641979713867349,0
"68","IW","OTU_983",0.645034385776151,-0.619434882046102
"69","IW","OTU_2725",0.697887043569396,-0.676010393154542
"70","IW","OTU_238",0.664261505680326,0
"71","IW","OTU_139",0.74713202997596,-0.703101821679723
"72","IW","OTU_1322",0.686672247705017,0
"73","IW","OTU_656",0.656961869374544,-0.645716437931839
"74","IW","OTU_254",0.66797914278307,-0.702674954360223
"75","IW","OTU_40",0.665484395531546,-0.65716802111501
"76","IW","OTU_673",0.684805685350958,-0.692673718398296
"77","IW","OTU_294",0.672357017755635,-0.697918428537089
"78","IW","OTU_827",0.665819671722984,-0.650051282776548
"79","IW","OTU_146",0.662738904360122,-0.639287474610157
"80","IW","OTU_5277",0.656014526341257,-0.670759059193536
"81","IW","OTU_415",0.69246925072576,-0.624068402173999
"82","IW","OTU_83",0.702082220667835,-0.657312321937894
"83","IW","OTU_127",0.641065160342781,-0.636559895253344
"84","IW","OTU_115",0.659601928225931,-0.673004364165062
"85","IW","OTU_2251",0.702652975831941,-0.64978781953145
"86","IW","OTU_578",0.678541211398051,-0.625873133650032
"87","IW","OTU_1244",0.612452163067353,-0.641221780739611
"88","IW","OTU_284",0.644208706742306,-0.639548849806678
"89","IW","OTU_82",0.703136927528982,-0.680152503915403
"90","IW","OTU_781",0.648166825135304,-0.617323242413107
"91","IW","OTU_367",0.635090802331074,0
"92","IW","OTU_88",0.687118457901786,-0.649347428463832
"93","IW","OTU_1389",0.648907005401357,-0.649931008832811
"94","IW","OTU_114",0.640237752343739,-0.654326985788864
"95","IW","OTU_543",0.69066814898921,-0.693517526141617
"96","IW","OTU_747",0.66026428671373,-0.622944047058177
"97","IW","OTU_10417",0.660839743689424,-0.603106341979145
"98","IW","OTU_138",0.710547002627248,-0.700501533152436
"99","IW","OTU_211",0.664969469851589,-0.641312863186608
"100","IW","OTU_1775",0.693077080875742,-0.693121873412198
"101","IW","OTU_135",0.680614683858333,-0.710581097129093
"102","IW","OTU_13",0.743549798632352,-0.681183450385713
"103","IW","OTU_687",0.714184819871354,-0.632814410544368
"104","IW","OTU_2123",0.606980739778339,0
"105","IW","OTU_2190",0.658273443553128,-0.616915083413957
"106","IW","OTU_270",0.697014713685587,-0.658974356748649
"107","IW","OTU_197",0.684200340670708,-0.613660151983854
"108","IW","OTU_2720",0.688628519625541,-0.644377326904585
"109","IW","OTU_771",0.685925308922841,-0.628404557198359
"110","IW","OTU_811",0.669574363671258,-0.68182598697532
"111","IW","OTU_2354",0.729600997133404,-0.682649820817802
"112","IW","OTU_1222",0.716483434108054,-0.629792302749322
"113","IW","OTU_589",0.693065628966181,-0.648374860961218
"114","IW","OTU_227",0.618392988363276,-0.646551502201269
"115","IW","OTU_411",0.719352813738947,-0.684150771001801
"116","IW","OTU_894",0.682303716534184,-0.669422282403542
"117","IW","OTU_394",0.660356871577265,-0.650274305025609
"118","IW","OTU_794",0.704006285875932,-0.671017844695004
"119","IW","OTU_292",0.683889863578945,-0.6552630946741
"120","IW","OTU_164",0.648727758006645,0
"121","IW","OTU_98",0,-0.639001413250773
"122","IW","OTU_398",0.697520157763217,-0.693326118798574
"123","IW","OTU_446",0.64073651861416,-0.620835475784632
"124","IW","OTU_1429",0.659297460754764,-0.680456169636281
"125","IW","OTU_51",0.674646366434103,-0.674496480554818
"126","IW","OTU_33",0.622541794645366,0
"127","IW","OTU_128",0.688969635055391,-0.688832826621347
"128","IW","OTU_3882",0.658736850977108,-0.628188214540055
"129","IW","OTU_187",0.76359300854113,0
"130","IW","OTU_28",0.675633362722708,0
"131","IW","OTU_229",0.671994102176721,-0.617071505323689
"132","IW","OTU_80",0.651990869757004,-0.65136889094452
"133","IW","OTU_1433",0.661040604748003,0
"134","IW","OTU_1496",0.700442147920978,-0.675754442947664
"135","IW","OTU_517",0.657801250421481,-0.63076141084435
"136","IW","OTU_140",0.649354370766931,0
"137","IW","OTU_709",0.677578988819075,-0.668087287647905
"138","IW","OTU_955",0.649195733308082,-0.636192617251966
"139","IW","OTU_116",0.702136382280036,-0.650574749533716
"140","IW","OTU_30",0.669035230111798,0
"141","IW","OTU_948",0.695208998647016,-0.626629938827713
"142","IW","OTU_206",0.701373702357065,-0.692704280172262
"143","IW","OTU_150",0.677878226753672,-0.643687797849486
"144","IW","OTU_358",0.633903380226168,0
"145","IW","OTU_95",0.615521853984794,0
"146","IW","OTU_42",0.630824003524021,0
"147","IW","OTU_203",0.702104513672524,-0.671585334794202
"148","IW","OTU_62",0.726838032254979,-0.673569697267366
"149","IW","OTU_20",0.720296992951058,-0.651895898764494
"150","IW","OTU_691",0.698820224965634,-0.686173284654653
"151","IW","OTU_1283",0.710163732438519,-0.664982286628617
"152","IW","OTU_149",0.683778730486644,-0.652045326221369
"153","IW","OTU_499",0.674833315499185,-0.605409030721549
"154","IW","OTU_648",0.656348886542998,-0.640783346796918
"155","IW","OTU_312",0.649249359993913,-0.619412276236757
"156","IW","OTU_99",0.736006472903805,-0.670571355351796
"157","IW","OTU_269",0.674537854604147,-0.659713815796871
"158","IW","OTU_537",0.685352400925974,-0.680255517517101
"159","IW","OTU_103",0.657971074694642,-0.656903287517052
"160","IW","OTU_535",0.687029252370461,0
"161","IW","OTU_1288",0.633913440562817,0
"162","IW","OTU_196",0.705764442869536,-0.658046315047339
"163","IW","OTU_401",0.670002935734584,-0.624712093145774
"164","IW","OTU_2821",0.651867071351932,-0.672817335787606
"165","IW","OTU_10688",0.680444659676696,-0.617307389920515
"166","IW","OTU_457",0.691932373005985,-0.642838856475851
"167","IW","OTU_205",0.679221490795227,-0.61353225173175
"168","IW","OTU_564",0.624539798003543,-0.651621713120762
"169","IW","OTU_48",0.702015521342674,-0.603772646065197
"170","IW","OTU_1929",0.710784399769283,-0.633168495770687
"171","IW","OTU_277",0.661138620277056,-0.620372577533985
"172","IW","OTU_739",0.644503106153042,0
"173","IW","OTU_3571",0.678930749373414,-0.659045939627728
"174","IW","OTU_119",0.715393074079488,-0.668749581879704
"175","IW","OTU_38",0.646258082603197,-0.635312063051541
"176","IW","OTU_239",0.634360321635898,0
"177","IW","OTU_817",0.664332616768852,0
"178","IW","OTU_790",0.666403824021441,-0.618306275677624
"179","IW","OTU_271",0.702725683065617,-0.666087220560554
"180","IW","OTU_259",0.641763197309081,-0.635269543691727
"181","IW","OTU_1396",0.656690672018094,0
"182","IW","OTU_207",0.737299294141258,-0.700509696712181
"183","IW","OTU_942",0.633511479285886,-0.632305044865606
"184","IW","OTU_1511",0.689481847659031,-0.655992259863209
"185","IW","OTU_1271",0.71155823232261,-0.665538827980352
"186","IW","OTU_272",0.651138465408667,-0.634941872997143
"187","IW","OTU_133",0.710767814184597,-0.693209544003317
"188","IW","OTU_1325",0.657732795202496,-0.660788085398703
"189","IW","OTU_804",0.725912571012869,0
"190","IW","OTU_3756",0.702922561145127,-0.649373961708332
"191","IW","OTU_1575",0.710877981431585,-0.683966426025812
"192","IW","OTU_961",0.698552392841987,-0.688720976765547
"193","IW","OTU_2330",0.69221015078152,-0.656027677316809
"194","IW","OTU_2005",0.703715330057359,-0.641377943525542
"195","IW","OTU_64",0.692403559887208,-0.640573515016602
"196","IW","OTU_68",0.689774560868912,0
"197","IW","OTU_29",0.706811937484605,-0.670903527631445
"198","IW","OTU_4234",0.690839813898801,-0.683412570581435
"199","IW","OTU_715",0.670863731143927,-0.651149993386315
"200","IW","OTU_2126",0.64262858755301,-0.635159890345942
"201","IW","OTU_896",0.675451144699788,-0.653477897628368
"202","IW","OTU_2575",0.646415268732203,-0.680292825121376
"203","IW","OTU_616",0.697651028540494,-0.66911036278591
"204","IW","OTU_1867",0.643525624902898,-0.654656295834307
"205","IW","OTU_1360",0.703554934980392,-0.666774876192469
"206","IW","OTU_1297",0.690501851612148,-0.64584060135927
"207","IW","OTU_1139",0.663210377096867,-0.613861409245896
"208","IW","OTU_1240",0.6744132769172,-0.605298604302752
"209","IW","OTU_1635",0.692990214674316,-0.621977508242317
"210","IW","OTU_222",0.681426908094277,-0.63481065300997
"211","IW","OTU_10626",0.708923610418837,-0.693008972994457
"212","IW","OTU_225",0.656103906397362,-0.615069289178565
"213","IW","OTU_884",0.692368222569766,-0.616672678610881
"214","IW","OTU_1299",0.710424415648063,-0.69620193760327
"215","IW","OTU_306",0.682362862117376,-0.672852944050037
"216","IW","OTU_1062",0.698769603603054,-0.67916739273231
"217","IW","OTU_1296",0.714243023128759,-0.683731315018879
"218","IW","OTU_176",0.713495803609452,-0.683164730072645
"219","IW","OTU_796",0.652187833916373,-0.644276932240488
"220","IW","OTU_280",0.707532072846486,-0.680964455264067
"221","IW","OTU_907",0.680406873194465,-0.670638028802144
"222","IW","OTU_3570",0.620569351885228,0
"223","IW","OTU_2413",0.668229014800376,0
"224","IW","OTU_882",0.672194015956161,0
"225","IW","OTU_984",0.729439125999447,-0.691165809213791
"226","IW","OTU_237",0.713689467224861,-0.684250892265002
"227","IW","OTU_452",0.70707755766378,-0.648207209973939
"228","IW","OTU_572",0.689422465367319,0
"229","IW","OTU_1262",0.656072360630405,-0.647357059346086
"230","IW","OTU_235",0.674450089998257,-0.657478150447336
"231","IW","OTU_542",0.688176737885911,-0.671228360507358
"232","IW","OTU_348",0.60407637362866,0
"233","IW","OTU_3970",0.683748090252123,0
"234","IW","OTU_2072",0.723584078565325,-0.646105399935669
"235","IW","OTU_601",0.690424771189502,-0.664886509525109
"236","IW","OTU_1020",0.668273132029776,-0.629967616473459
"237","IW","OTU_234",0.662307179005411,-0.678440868428861
"238","IW","OTU_1643",0.622398895255168,0
"239","IW","OTU_643",0.677023413626121,-0.672559056139667
"240","IW","OTU_608",0.69244980872906,-0.667865430723988
"241","IW","OTU_1368",0.698738608334694,-0.664150455311692
"242","IW","OTU_489",0.712678277818135,-0.673613834247414
"243","IW","OTU_366",0.703104628639441,-0.689332927303745
"244","IW","OTU_905",0.667220046158876,-0.659804914001528
"245","IW","OTU_12236",0.686676706868427,-0.66034012431606
"246","IW","OTU_274",0.724068525740449,-0.679080298666572
"247","IW","OTU_1210",0.657283946448476,-0.64783446733946
"248","IW","OTU_885",0.712097860422561,-0.641467808354608
"249","IW","OTU_696",0.718154357017616,-0.667109652152468
"250","IW","OTU_76",0.649249414397602,-0.643650825497768
"251","IW","OTU_2124",0.648433685588159,-0.625908250967678
"252","IW","OTU_508",0.685305126640985,-0.629492418153925
"253","IW","OTU_2132",0.690212772925125,-0.653637977911948
"254","IW","OTU_3249",0.681801187938889,-0.678642220579939
"255","IW","OTU_370",0.678855877321601,-0.664812195215873
"256","IW","OTU_6465",0.688647440612559,-0.691235684528045
"257","IW","OTU_5854",0.704980357466724,-0.705710730580918
"258","IW","OTU_1755",0.6579694313464,-0.650860890967976
"259","IW","OTU_2180",0.621558045576683,-0.624817995826685
"260","IW","OTU_142",0.705812857900389,-0.695587233516223
"261","IW","OTU_1430",0.708664240047802,-0.631374783846387
"262","IW","OTU_2353",0.698621371833036,-0.684820557984597
"263","IW","OTU_775",0.679664971623409,-0.712674258717929
"264","IW","OTU_2641",0.640357162434095,-0.633898596558193
"265","IW","OTU_298",0.647589298753352,-0.650326957112113
"266","IW","OTU_201",0.693629115351737,-0.656105631649597
"267","IW","OTU_2108",0.696589676228928,-0.643786671226579
"268","IW","OTU_365",0.670080707493467,-0.644154157570475
"269","IW","OTU_540",0.681097857621516,-0.613892088598083
"270","IW","OTU_546",0.657355893135348,-0.637666372345961
"271","IW","OTU_559",0.661753129985022,-0.616165142338701
"272","IW","OTU_4712",0.674425108124166,-0.641749726866387
"273","IW","OTU_538",0.682848340970755,-0.648065478182966
"274","IW","OTU_2206",0.713875750917326,-0.660377666283495
"275","IW","OTU_2125",0.641895918037644,0
"276","IW","OTU_534",0.712633614395066,-0.662674929227982
"277","IW","OTU_694",0.697978448415312,-0.676313526611593
"278","IW","OTU_13824",0.629159052877399,0
"279","IW","OTU_9210",0.630544374350075,-0.62581258393237
"280","IW","OTU_10516",0.66968954402054,-0.64861819496801
"281","IW","OTU_1228",0.668502190131592,-0.643236300524633
"282","IW","OTU_692",0.659426591836951,-0.671368216228825
"283","IW","OTU_1193",0.635871298137801,0
"284","IW","OTU_1802",0.606435952861467,-0.642175260489958
"285","IW","OTU_120",0.652349855491189,0
"286","IW","OTU_705",0.625062506298581,0
"287","IW","OTU_1355",0.64477555897229,-0.624364359616396
"288","IW","OTU_96",0.664262330181365,0
"289","IW","OTU_420",0.60480526157681,0
"290","IW","OTU_10957",0.658349874820326,-0.677210157491762
"291","IW","OTU_777",0.649093705822606,-0.633864603470167
"292","IW","OTU_148",0,-0.622124937857659
"293","IW","OTU_1340",0.661553496300201,0
"294","IW","OTU_18",0.601958408007906,0
"295","IW","OTU_108",0.632033325003341,-0.644683998778427
"296","IW","OTU_249",0.604530444671074,0
"297","IW","OTU_1071",0.629471289962381,0
"298","IW","OTU_527",0.620776139342052,-0.615988953106791
"299","IW","OTU_1108",0.664299610001022,0
"300","IW","OTU_4115",0.614156301817593,0
"301","IW","OTU_422",0.641713306079431,-0.659248277014981
"302","IW","OTU_10",0.667366769571076,0
"303","IW","OTU_1770",0.615631504277518,-0.600117129570895
"304","IW","OTU_246",0,-0.680292825121376
"305","IW","OTU_336",0.613556277430093,0
"306","TW","OTU_50",0.714699774988713,0
"307","TW","OTU_305",0.72276492204464,0
"308","TW","OTU_408",0.658463716439945,0
"309","TW","OTU_75",0.686350826817336,-0.674590189384677
"310","TW","OTU_482",0.689238863996238,0
"311","TW","OTU_41",0.717428387890574,0
"312","TW","OTU_59",0.685724898026911,0
"313","TW","OTU_609",0.65748227475743,0
"314","TW","OTU_2",0.720664145256039,-0.672671233723157
"315","TW","OTU_471",0.751000791976154,0
"316","TW","OTU_3",0.704589139684328,0
"317","TW","OTU_2808",0.663264559189841,0
"318","TW","OTU_123",0.664174468560127,-0.65078511814338
"319","TW","OTU_37",0.695934547789904,-0.721068770621546
"320","TW","OTU_592",0.668280656294093,0
"321","TW","OTU_243",0.690567839315245,-0.708262510665591
"322","TW","OTU_1127",0.66640581763803,0
"323","TW","OTU_5",0.722933196228427,0
"324","TW","OTU_84",0.713315140626015,0
"325","TW","OTU_3693",0.678644659348952,-0.668171620238201
"326","TW","OTU_31",0.69495966149811,-0.691602388796592
"327","TW","OTU_3303",0.738991442188964,0
"328","TW","OTU_22",0.664296601392654,0
"329","TW","OTU_1579",0.688424487413537,0
"330","TW","OTU_16",0.741667844290236,0
"331","TW","OTU_515",0.659867955652272,0
"332","TW","OTU_255",0.725285886460954,0
"333","TW","OTU_12",0.682088475229927,0
"334","TW","OTU_800",0.672323436966506,-0.69875364993003
"335","TW","OTU_1150",0.680334023623386,-0.673000235152182
"336","TW","OTU_919",0.728582065510296,-0.665804372680465
"337","TW","OTU_117",0.717663657449456,0
"338","TW","OTU_169",0.696014909208416,0
"339","TW","OTU_1118",0.65067120606892,0
"340","TW","OTU_819",0.735405035714392,-0.663885248995413
"341","TW","OTU_826",0,-0.658690838364186
"342","TW","OTU_97",0.729209688292007,0
"343","TW","OTU_91",0.696169927760983,-0.686224389629497
"344","TW","OTU_25",0.742044191087474,0
"345","TW","OTU_395",0.653475319553267,0
"346","TW","OTU_434",0.767765704080524,0
"347","TW","OTU_233",0.694496739072586,0
"348","TW","OTU_631",0.770340048603555,0
"349","TW","OTU_217",0.711646886495707,-0.662660768285223
"350","TW","OTU_102",0.724530445173788,0
"351","TW","OTU_5117",0.675226064394573,0
"352","TW","OTU_912",0.72297453736643,0
"353","TW","OTU_79",0.691347952886957,0
"354","TW","OTU_151",0.736649935426416,0
"355","TW","OTU_275",0.651316194395166,0
"356","TW","OTU_17",0.686529333211477,-0.67657726226907
"357","TW","OTU_897",0.713340077235402,-0.65995790335276
"358","TW","OTU_204",0.679478775973856,0
"359","TW","OTU_6",0.669798196199364,0
"360","TW","OTU_1177",0.681581916435265,0
"361","TW","OTU_632",0.694945350317521,0
"362","TW","OTU_1313",0.680719223815766,-0.670426364903605
"363","TW","OTU_1713",0.683644273887185,0
"364","TW","OTU_18",0.696110194769399,0
"365","TW","OTU_72",0.707870819130843,-0.75216919383483
"366","TW","OTU_3460",0.701093166575376,0
"367","TW","OTU_40",0.738066128125304,-0.654920328703255
"368","TW","OTU_673",0.683613807181204,0
"369","TW","OTU_1462",0.703607123919161,-0.668171620238201
"370","TW","OTU_67",0.682788551113443,0
"371","TW","OTU_3839",0.73584881721695,0
"372","TW","OTU_3477",0.711764268883956,-0.681020222897079
"373","TW","OTU_459",0.677978528504545,0
"374","TW","OTU_130",0.722555505008322,0
"375","TW","OTU_82",0.738671070621392,-0.667027748479247
"376","TW","OTU_496",0.68650838536818,-0.705886851545557
"377","TW","OTU_2109",0.703368404806545,0
"378","TW","OTU_88",0.707303298817017,0
"379","TW","OTU_13463",0.675043732183438,0
"380","TW","OTU_1946",0.74304781587424,0
"381","TW","OTU_114",0,-0.709924482741484
"382","TW","OTU_3413",0.713190759654069,-0.711295427297736
"383","TW","OTU_165",0.694466348191655,0
"384","TW","OTU_698",0.673958184961892,0
"385","TW","OTU_357",0.679101359678024,0
"386","TW","OTU_1775",0.677799632543972,-0.665612664628221
"387","TW","OTU_3027",0.684347183735751,0
"388","TW","OTU_135",0.753585186599382,-0.745209521410388
"389","TW","OTU_73",0.698097997195766,0
"390","TW","OTU_767",0.699848855682578,-0.675976339251453
"391","TW","OTU_2190",0.749297537800517,0
"392","TW","OTU_870",0,-0.678194063501302
"393","TW","OTU_924",0.701726598134999,-0.699847556612617
"394","TW","OTU_1237",0.654720094713539,-0.717294142675806
"395","TW","OTU_3829",0.655526002315536,0
"396","TW","OTU_1098",0.71244022373818,0
"397","TW","OTU_74",0.69686820732545,0
"398","TW","OTU_309",0.710570602416978,-0.663216974215544
"399","TW","OTU_292",0.701857351294976,0
"400","TW","OTU_317",0.691135463565812,0
"401","TW","OTU_1328",0.705333937204144,0
"402","TW","OTU_51",0.722455330866423,-0.681435604087968
"403","TW","OTU_33",0.718764854574501,0
"404","TW","OTU_320",0.709999751780282,0
"405","TW","OTU_1873",0.666798781543104,0
"406","TW","OTU_80",0.747164708837842,-0.668250315938598
"407","TW","OTU_474",0.725990499791607,0
"408","TW","OTU_548",0.653475319553267,-0.726578997642051
"409","TW","OTU_2015",0.707252698257027,-0.691602388796592
"410","TW","OTU_140",0.697000760069733,0
"411","TW","OTU_412",0,-0.672295281224602
"412","TW","OTU_30",0.698513002195422,0
"413","TW","OTU_10",0.730014519511041,-0.681287598356217
"414","TW","OTU_816",0.690645262206396,0
"415","TW","OTU_149",0.707153963522783,0
"416","TW","OTU_224",0.700103787813231,0
"417","TW","OTU_676",0.722122111148175,0
"418","TW","OTU_404",0.704014039640608,0
"419","TW","OTU_6888",0.676620276782009,0
"420","TW","OTU_401",0.708620208266422,0
"421","TW","OTU_2821",0.693600398103039,0
"422","TW","OTU_1231",0.669428908166639,0
"423","TW","OTU_407",0.684600998074742,-0.67309328614743
"424","TW","OTU_38",0.695940087845766,0
"425","TW","OTU_817",0.724596224590326,0
"426","TW","OTU_315",0.676337215844613,0
"427","TW","OTU_447",0.744695167338804,-0.717415298167489
"428","TW","OTU_436",0.661669899453187,0
"429","TW","OTU_804",0.707031483844694,0
"430","TW","OTU_343",0.661985605410749,0
"431","TW","OTU_340",0.715820453706967,0
"432","TW","OTU_861",0.722455330866423,-0.671062948358177
"433","TW","OTU_64",0.683267483963988,0
"434","TW","OTU_777",0.717034909124091,0
"435","TW","OTU_821",0.718240263583202,-0.694920567309632
"436","TW","OTU_219",0.705529395911316,0
"437","TW","OTU_903",0.749824886193598,0
"438","TW","OTU_3592",0.722190212161945,0
"439","TW","OTU_7136",0.650548500605849,0
"440","TW","OTU_2035",0.717327319388961,-0.677623630162916
"441","TW","OTU_3651",0.674098315885587,0
"442","TW","OTU_3570",0.691915293779572,0
"443","TW","OTU_3588",0.700038602278394,0
"444","TW","OTU_1304",0.6952523021042,0
"445","TW","OTU_1512",0.729596060714896,0
"446","TW","OTU_1250",0.657629083758462,0
"447","TW","OTU_886",0.687121479103046,0
"448","TW","OTU_1493",0.698120435241895,0
"449","TW","OTU_2762",0.681208848039552,0
"450","TW","OTU_801",0.705601903540233,-0.765504909122589
"451","TW","OTU_525",0.685295666316723,0
"452","TW","OTU_87",0.693518377660359,0
"453","TW","OTU_9901",0.667338934664087,0
"454","TW","OTU_2089",0.659272360652877,-0.756847183556347
"455","TW","OTU_57",0.709350377501741,0
"456","TW","OTU_1949",0.663235655637264,-0.756847183556347
"457","TW","OTU_1755",0.699818173101281,-0.70423099192502
"458","TW","OTU_10018",0.705251438453909,0
"459","TW","OTU_9210",0.71438501413813,0
"460","TW","OTU_9635",0.701417703584491,0
"461","TW","OTU_1687",0.683058098292598,0
"462","TW","OTU_1707",0.701639525496409,-0.787328638725487
"463","TW","OTU_3782",0.700703813902228,-0.689658141779018
"464","TW","OTU_1971",0.706711272045848,0
"465","TW","OTU_3867",0.702798109610501,0
"466","TW","OTU_879",0.721654993342003,0
"467","TW","OTU_3659",0.714652307661145,0
"468","TW","OTU_702",0.6892287332639,0
"469","TW","OTU_178",0.727816355855336,0
"470","TW","OTU_2062",0.671960152202034,0
"471","TW","OTU_2013",0.695231296680369,0
"472","TW","OTU_1185",0.676089309586495,0
"473","TW","OTU_2564",0.72276492204464,0
"474","TW","OTU_4639",0.658463716439945,0
"475","TW","OTU_1504",0,-0.662180848394559
"476","TW","OTU_273",0.764122511720347,0
"477","TW","OTU_881",0.688650989984272,-0.692909584752342
"478","TW","OTU_927",0.65748227475743,0
"479","TW","OTU_2907",0.701740679994731,0
"480","TW","OTU_768",0.672887861896373,0
"481","TW","OTU_146",0.746504724484435,0
"482","TW","OTU_104",0,-0.65078511814338
"483","TW","OTU_656",0.674910940455095,0
"484","TW","OTU_322",0.68501230383732,-0.657240662746157
"485","TW","OTU_9102",0,-0.703138250598272
"486","TW","OTU_520",0.668280656294093,-0.667798833906043
"487","TW","OTU_1861",0.695313070888018,0
"488","TW","OTU_364",0.696532074616309,0
"489","TW","OTU_253",0.683382616033508,0
"490","TW","OTU_417",0.716903455670393,-0.672295281224602
"491","TW","OTU_95",0.691955260666254,0
"492","TW","OTU_578",0.701437755171139,0
"493","TW","OTU_92",0.670292821394404,0
"494","TW","OTU_5894",0.733060158342378,-0.69875364993003
"495","TW","OTU_531",0.670598472605134,0
"496","TW","OTU_1511",0,-0.653818410222628
"497","TW","OTU_9207",0.721555489485034,-0.678729516399301
"498","TW","OTU_547",0.689241859225312,0
"499","TW","OTU_5277",0.703667812393112,0
"500","TW","OTU_2011",0.79836455723609,0
"501","TW","OTU_3052",0.737166850924958,0
"502","TW","OTU_128",0.738066128125304,-0.661259090333334
"503","TW","OTU_682",0.721483022772498,0
"504","TW","OTU_85",0.651405592953041,0
"505","TW","OTU_1112",0.651316194395166,0
"506","TW","OTU_2057",0.662581164738155,0
"507","TW","OTU_1958",0,-0.67657726226907
"508","TW","OTU_1804",0.743246979704313,0
"509","TW","OTU_9986",0.674214659265749,0
"510","TW","OTU_824",0.717335303525222,0
"511","TW","OTU_1269",0.712260628933273,0
"512","TW","OTU_1306",0.690937015079995,-0.669038069658569
"513","TW","OTU_845",0.696366824977571,0
"514","TW","OTU_704",0.686622893585216,0
"515","TW","OTU_208",0.663484071581676,0
"516","TW","OTU_154",0.694973668739949,0
"517","TW","OTU_589",0.658342043949778,0
"518","TW","OTU_3994",0.665430205523248,0
"519","TW","OTU_1308",0.69557425980674,0
"520","TW","OTU_9148",0.650740699184352,0
"521","TW","OTU_47",0.667840408411538,0
"522","TW","OTU_7481",0.753585186599382,0
"523","TW","OTU_354",0.663443665780371,0
"524","TW","OTU_943",0.674436890565303,0
"525","TW","OTU_509",0,-0.726578997642051
"526","TW","OTU_751",0.652988730752101,0
"527","TW","OTU_435",0.695787432427089,0
"528","TW","OTU_961",0.652024120116866,0
"529","TW","OTU_63",0.676337215844613,0
"530","TW","OTU_3649",0.658687063113764,0
"531","TW","OTU_1156",0.652691367518978,0
"532","TW","OTU_1287",0,-0.684477767740836
"533","TW","OTU_626",0.690259577748583,0
"534","TW","OTU_1279",0.661254326403941,0
"535","TW","OTU_1334",0.687533193759515,0
"536","TW","OTU_1255",0.652209595392095,0
"537","TW","OTU_659",0.693658593597182,0
"538","TW","OTU_549",0.666291698028609,0
"539","TW","OTU_1848",0.676089309586495,0
"540","CW","OTU_1556",0.623962832519089,0
"541","CW","OTU_32",0.691542478485131,0
"542","CW","OTU_408",0.622485691036624,-0.649178774293589
"543","CW","OTU_6426",0.67025576566965,0
"544","CW","OTU_1",0.699427029798962,-0.680337256201887
"545","CW","OTU_4147",0.652985086890758,0
"546","CW","OTU_23",0.673707328196469,-0.671373120154125
"547","CW","OTU_2",0,-0.667601719136622
"548","CW","OTU_192",0.625077568661667,-0.608347563647039
"549","CW","OTU_3",0.652141324297944,-0.699440034202795
"550","CW","OTU_123",0.669107432399094,0
"551","CW","OTU_1646",0.669113703276197,-0.620714481795407
"552","CW","OTU_387",0.688463375995579,0
"553","CW","OTU_37",0.648004300400124,0
"554","CW","OTU_993",0.679433209057655,-0.641684584566413
"555","CW","OTU_5",0.651855029955603,-0.652325522527592
"556","CW","OTU_31",0.651638034964822,-0.617624795657788
"557","CW","OTU_104",0.629362857332513,0
"558","CW","OTU_16",0.625909987358938,0
"559","CW","OTU_8",0.656477598424687,-0.685609750519359
"560","CW","OTU_169",0.650107925334724,-0.633516251382442
"561","CW","OTU_15",0.652627426539871,-0.634902152858243
"562","CW","OTU_318",0,-0.645788502230793
"563","CW","OTU_214",0.671245788287162,-0.650114937737244
"564","CW","OTU_7",0.649450130098616,-0.69832676471133
"565","CW","OTU_832",0.615113291374295,-0.661458630926152
"566","CW","OTU_25",0,-0.639157603310616
"567","CW","OTU_434",0.672533225357424,-0.607051163851614
"568","CW","OTU_118",0.655272164195216,0
"569","CW","OTU_27",0.63823627045591,0
"570","CW","OTU_798",0.631296502637879,0
"571","CW","OTU_13824",0.710190838795916,-0.726187730045024
"572","CW","OTU_102",0.715874315377171,0
"573","CW","OTU_3147",0.607806784539102,-0.665214334276453
"574","CW","OTU_526",0.634623351900161,-0.670876236828803
"575","CW","OTU_17",0.638508021819406,-0.646294475815029
"576","CW","OTU_109",0.673056738330621,0
"577","CW","OTU_4731",0.733339705310342,-0.692376480226363
"578","CW","OTU_1852",0.646539121544093,-0.629946451574578
"579","CW","OTU_545",0.652790118246881,0
"580","CW","OTU_300",0.684924956382279,-0.641981224441658
"581","CW","OTU_3361",0.643021310020721,-0.619210124498524
"582","CW","OTU_193",0.634218827177059,-0.619307043857063
"583","CW","OTU_6",0.64879544005885,-0.647454733242926
"584","CW","OTU_220",0.666311008167505,-0.6732176960036
"585","CW","OTU_432",0.676543881268565,-0.606845324634507
"586","CW","OTU_5654",0.700912733583372,-0.680899363658238
"587","CW","OTU_86",0.64502477294341,0
"588","CW","OTU_1909",0,-0.602539596083301
"589","CW","OTU_11",0.638282448061504,-0.61697173944338
"590","CW","OTU_372",0.674382011028941,-0.66693638493875
"591","CW","OTU_768",0,-0.648435449647285
"592","CW","OTU_390",0.700889803894062,-0.664863171877945
"593","CW","OTU_293",0.704258076462818,-0.642930582766835
"594","CW","OTU_726",0.629217178409689,-0.634335422481898
"595","CW","OTU_2348",0.654425176337131,0
"596","CW","OTU_146",0,-0.615810843260946
"597","CW","OTU_1349",0.678304392555152,-0.630869313043826
"598","CW","OTU_283",0.65364010034944,-0.611538048942487
"599","CW","OTU_839",0.636676760877543,-0.645559223484137
"600","CW","OTU_1816",0.65634867250302,-0.627348054067101
"601","CW","OTU_1217",0.677438599207645,-0.65064770131464
"602","CW","OTU_82",0.625443098389163,-0.650481812243299
"603","CW","OTU_341",0.665157334796757,-0.628757980825972
"604","CW","OTU_965",0.741570071199176,0
"605","CW","OTU_88",0.650361421130967,-0.623118295187812
"606","CW","OTU_114",0.656077306489499,-0.625005526620601
"607","CW","OTU_3141",0.690307335713131,-0.638002153826535
"608","CW","OTU_357",0.683875923855855,-0.633733864682691
"609","CW","OTU_1819",0.668760122972541,-0.627036668256882
"610","CW","OTU_7417",0.725240715177608,-0.688686025468599
"611","CW","OTU_374",0.654347401064094,0
"612","CW","OTU_135",0.68399592144044,0
"613","CW","OTU_3366",0.666633985051427,-0.660490378950073
"614","CW","OTU_73",0,-0.627543549291404
"615","CW","OTU_260",0,-0.613995906229414
"616","CW","OTU_1026",0.657580865026711,-0.650481812243299
"617","CW","OTU_53",0.677094413820088,-0.614032728610466
"618","CW","OTU_245",0,-0.646112047144048
"619","CW","OTU_1472",0.634390746766754,-0.703441042150492
"620","CW","OTU_853",0.635043630065153,0
"621","CW","OTU_51",0.64469307836005,-0.625485609454997
"622","CW","OTU_251",0.672438100121393,-0.642639339755839
"623","CW","OTU_1895",0.685967301250741,0
"624","CW","OTU_28",0.672972982098349,0
"625","CW","OTU_80",0.664407569157124,-0.646180164875327
"626","CW","OTU_555",0.694334787032927,-0.641282239539626
"627","CW","OTU_1922",0.642644245311569,0
"628","CW","OTU_1415",0.652304534382443,-0.634268433401541
"629","CW","OTU_7502",0.683394760027196,-0.65758327005771
"630","CW","OTU_381",0.707927545129326,-0.604039129865246
"631","CW","OTU_212",0.644028183667219,0
"632","CW","OTU_179",0.629865519321864,-0.615799614347156
"633","CW","OTU_24",0.655490223549365,-0.626797210888778
"634","CW","OTU_423",0.701499789048118,0
"635","CW","OTU_184",0.718463384025257,-0.659493071788467
"636","CW","OTU_3356",0.690300842996475,-0.684233936779212
"637","CW","OTU_81",0.659650177178088,-0.629084227425514
"638","CW","OTU_2594",0.606822759196685,-0.6192538624886
"639","CW","OTU_8542",0.644550479706459,-0.65429732325727
"640","CW","OTU_485",0.637379065768583,-0.633951591128727
"641","CW","OTU_61",0.63500411094347,0
"642","CW","OTU_587",0.687100681042901,-0.641321888431424
"643","CW","OTU_458",0.612035184138824,-0.641184198563869
"644","CW","OTU_1176",0.646230679520929,-0.652742230764076
"645","CW","OTU_132",0.656094870427441,-0.61744826914977
"646","CW","OTU_26",0.604713812470143,-0.634710141715714
"647","CW","OTU_401",0.646236047135545,-0.633132112856191
"648","CW","OTU_3124",0.659813441464041,0
"649","CW","OTU_69",0.705646799153521,-0.651390259678788
"650","CW","OTU_636",0.659703185235972,-0.644746940279435
"651","CW","OTU_342",0.691620101690962,-0.636154734867582
"652","CW","OTU_462",0.636222649683915,0
"653","CW","OTU_277",0.65269668442101,-0.636282153496444
"654","CW","OTU_38",0.692772517574943,0
"655","CW","OTU_558",0.671290596864988,0
"656","CW","OTU_3517",0.719742658430646,-0.681449264653838
"657","CW","OTU_21",0.647027664412171,-0.666677577141932
"658","CW","OTU_156",0.610833560016913,0
"659","CW","OTU_259",0.662942058892956,-0.628341216007432
"660","CW","OTU_34",0.67525350361112,-0.694736313835296
"661","CW","OTU_8356",0.666051675897048,-0.673089932600249
"662","CW","OTU_45",0.665165950113626,0
"663","CW","OTU_1511",0.632446480682359,0
"664","CW","OTU_1327",0.635508331319738,0
"665","CW","OTU_843",0.630680528223835,0
"666","CW","OTU_1325",0.604093804966964,-0.635377507260889
"667","CW","OTU_1191",0.625840422557617,0
"668","CW","OTU_39",0.643236903489465,-0.6374830558769
"669","CW","OTU_2049",0.643842886173674,-0.615799614347156
"670","CW","OTU_250",0.611392281867731,0
"671","CW","OTU_560",0.68052710335475,-0.621291461371204
"672","CW","OTU_1814",0.638413707615052,-0.665369955994288
"673","CW","OTU_844",0.661360861889583,0
"674","CW","OTU_756",0.638832803358204,-0.641637664470233
"675","CW","OTU_6836",0.708394213919727,-0.668005074386756
"676","CW","OTU_1437",0.61127339256554,-0.614637654979765
"677","CW","OTU_278",0.680105698750824,0
"678","CW","OTU_3214",0.652173530046058,-0.635766956738148
"679","CW","OTU_3130",0.660177033809556,-0.621017295280835
"680","CW","OTU_854",0.642425994488891,0
"681","CW","OTU_3264",0.675063234841309,0
"682","CW","OTU_1831",0.654737290321052,-0.629012251437453
"683","CW","OTU_1139",0.600737248815556,0
"684","CW","OTU_1363",0.661183091246098,-0.632260963053597
"685","CW","OTU_155",0.654589786292154,0
"686","CW","OTU_453",0.683503650132777,0
"687","CW","OTU_3491",0.636970457311613,0
"688","CW","OTU_2285",0.747076077530576,-0.648614097819913
"689","CW","OTU_213",0.695371114237693,0
"690","CW","OTU_507",0.661953838327472,-0.639519884179805
"691","CW","OTU_1821",0.715542952078294,-0.669043789423397
"692","CW","OTU_2896",0.669149024193735,-0.700269741222675
"693","CW","OTU_2278",0.687212448227804,-0.645495706788575
"694","CW","OTU_66",0.670381041973782,0
"695","CW","OTU_188",0.712600308301365,-0.699473084578761
"696","CW","OTU_1824",0.644344544171999,0
"697","CW","OTU_129",0.680898360601315,-0.628308030461067
"698","CW","OTU_1512",0.669746740355489,0
"699","CW","OTU_970",0.65073476739679,-0.635885225876213
"700","CW","OTU_862",0.672933855153958,-0.678853756951579
"701","CW","OTU_14",0.66095056640771,-0.63131105180498
"702","CW","OTU_2993",0.671064169990719,-0.631186869025242
"703","CW","OTU_3287",0.661015454696904,-0.651043540068964
"704","CW","OTU_425",0.677066288635396,-0.647153737407317
"705","CW","OTU_3305",0.661981402557075,-0.682343951677377
"706","CW","OTU_170",0.693043234277418,0
"707","CW","OTU_1395",0.647179336376494,0
"708","CW","OTU_525",0.671245774697396,-0.687265960756512
"709","CW","OTU_1194",0.669043430718558,0
"710","CW","OTU_7557",0.644035825182427,0
"711","CW","OTU_1851",0.676195274271398,-0.64745419679906
"712","CW","OTU_1207",0.652880678773106,-0.645263292691984
"713","CW","OTU_87",0.662211832995552,-0.651360429919692
"714","CW","OTU_3232",0.660390279222319,-0.615621440803721
"715","CW","OTU_967",0.672983895808931,-0.662244854622889
"716","CW","OTU_1175",0.688916647220837,-0.661540348373748
"717","CW","OTU_938",0.628183163895778,0
"718","CW","OTU_905",0.700320844553981,0
"719","CW","OTU_1162",0.733635786512882,-0.687815325149498
"720","CW","OTU_3116",0.630363038452844,-0.602539596083301
"721","CW","OTU_460",0.682426806434351,-0.648317503954152
"722","CW","OTU_1784",0.676023730354974,0
"723","CW","OTU_3306",0.671619271805275,-0.621008846783863
"724","CW","OTU_580",0.662251357870766,0
"725","CW","OTU_265",0.696542766594956,-0.658766821153452
"726","CW","OTU_77",0.676506854463205,-0.661706423154737
"727","CW","OTU_728",0.632734283039197,0
"728","CW","OTU_532",0,-0.662203666816942
"729","CW","OTU_3336",0.693022602378692,-0.6517613283479
"730","CW","OTU_713",0.639578665182699,0
"731","CW","OTU_1147",0.656212987856153,-0.660149679480284
"732","CW","OTU_944",0.685596510538404,0
"733","CW","OTU_661",0.706262855962676,-0.7127372678707
"734","CW","OTU_1888",0.70663120543806,-0.681454804854755
"735","CW","OTU_267",0.699138595768233,-0.65298657825049
"736","CW","OTU_1823",0.670898207327366,-0.657313407117413
"737","CW","OTU_982",0.654122018083919,-0.612539921247095
"738","CW","OTU_846",0.71004555222552,-0.702352450411753
"739","CW","OTU_3521",0.687185482347047,0
"740","CW","OTU_1846",0.683100334844282,-0.667340719395613
"741","CW","OTU_1174",0.715156459981729,-0.682760187397639
"742","CW","OTU_383",0.674834427225118,-0.640990665968955
"743","CW","OTU_107",0.673070578992019,0
"744","CW","OTU_3220",0.666764392771577,-0.632614327521132
"745","CW","OTU_3122",0.725432613736697,-0.669369286212552
"746","CW","OTU_3218",0.664375193951425,-0.637981587268078
"747","CW","OTU_3324",0.636277308080873,0
"748","CW","OTU_3296",0.68794263617053,-0.609962786632356
"749","CW","OTU_842",0.686975496346126,-0.653516603736553
"750","CW","OTU_8187",0.664730738419153,-0.627293658310304
"751","CW","OTU_3143",0.699794853614778,-0.653183893731373
"752","CW","OTU_7629",0.71518555826524,-0.679722703685701
"753","CW","OTU_1166",0.72380040600724,-0.652393645324237
"754","CW","OTU_4385",0.731660979162324,-0.691542591591893
"755","CW","OTU_180",0.643810309445681,0
"756","CW","OTU_3276",0.651206703598289,0
"757","CW","OTU_947",0.644468270359816,-0.636244682530081
"758","CW","OTU_7415",0.694171777891284,-0.646645330839085
"759","CW","OTU_7648",0.655631676391259,0
"760","CW","OTU_4111",0.658784607986604,-0.645890764923445
"761","CW","OTU_2211",0.679554475999095,-0.634335823153799
"762","CW","OTU_1188",0.694331278181917,-0.644761467314268
"763","CW","OTU_1812",0.665584833539309,0
"764","CW","OTU_154",0.681956771234863,-0.682191338645033
"765","CW","OTU_172",0.742837887517123,-0.70063116597641
"766","CW","OTU_1833",0.666116763024353,0
"767","CW","OTU_1196",0.738348339426588,-0.665890577035863
"768","CW","OTU_1854",0.693178446461058,-0.651804292941966
"769","CW","OTU_554",0.680473643955599,-0.657993181649093
"770","CW","OTU_3194",0.68025306236749,0
"771","CW","OTU_1471",0.677508803336835,-0.625171078422049
"772","CW","OTU_426",0.641176084655273,0
"773","CW","OTU_7396",0.709719049366849,-0.654601554917364
"774","CW","OTU_1830",0.731763347540925,-0.697471810852202
"775","CW","OTU_3268",0.734349226555029,-0.673412201796038
"776","CW","OTU_3098",0.693984714199105,-0.647445629938687
"777","CW","OTU_3041",0.71853043120029,-0.63236204627399
"778","CW","OTU_168",0.693942437971828,0
"779","CW","OTU_3200",0.642910461148619,0
"780","CW","OTU_8057",0.693274888590595,-0.642848188835808
"781","CW","OTU_530",0.724287775710011,-0.660347831144861
"782","CW","OTU_7899",0.686315293499394,-0.652253287366169
"783","CW","OTU_2775",0.654279209522985,-0.667171112465648
"784","CW","OTU_2349",0.680604536068052,-0.624383378921949
"785","CW","OTU_4",0.659876318027927,-0.660737607301725
"786","CW","OTU_1168",0.72597577670579,-0.661234139602415
"787","CW","OTU_3321",0.661629225608358,-0.699309349702479
"788","CW","OTU_851",0.687441908084355,-0.623433059321507
"789","CW","OTU_1218",0.70619098833352,-0.63227902402851
"790","CW","OTU_7418",0.725542307929586,-0.669528576466359
"791","CW","OTU_3127",0.723208526627585,-0.654007423337208
"792","CW","OTU_7609",0.715671091471387,-0.652447739803721
"793","CW","OTU_519",0.690085034392141,-0.676102616466182
"794","CW","OTU_3198",0.679534795875155,-0.636240301632986
"795","CW","OTU_3190",0.655910127274188,-0.633679151311963
"796","CW","OTU_3289",0.660326904633368,0
"797","CW","OTU_3274",0.668765017339817,-0.703441042150492
"798","CW","OTU_464",0.729895270500358,-0.698875611386722
"799","CW","OTU_3163",0.689153104275016,-0.685000219803969
"800","CW","OTU_8001",0.69084588605247,-0.623996376691198
"801","CW","OTU_1179",0.687997876759671,-0.628123213525271
"802","CW","OTU_3159",0.689589522615763,-0.66723027663883
"803","CW","OTU_3097",0.692355243406697,-0.671512781122656
"804","CW","OTU_1885",0.675729352242286,0
"805","CW","OTU_1840",0.695837204555677,-0.643768792738104
"806","CW","OTU_1853",0.70935833511019,-0.632002939290682
"807","CW","OTU_3099",0.735222899670549,-0.697186360755678
"808","CW","OTU_3166",0.719722183490562,-0.64850690103951
"809","CW","OTU_7360",0.690619875046713,-0.63455116743515
"810","CW","OTU_649",0.703545676828948,-0.676480441294931
"811","CW","OTU_658",0.669387991715511,0
"812","CW","OTU_1886",0.659213101451866,0
"813","CW","OTU_733",0.643048655935294,0
"814","CW","OTU_863",0.736775823386979,-0.674095173259455
"815","CW","OTU_353",0.709905401307751,-0.659495286097071
"816","CW","OTU_427",0.713972983222508,-0.617336634380915
"817","CW","OTU_7346",0.656290113531184,0
"818","CW","OTU_651",0.707124745637669,-0.642584289753816
"819","CW","OTU_4531",0.658242379943893,-0.607088155430413
"820","CW","OTU_1815",0.717459483718391,-0.635721569253456
"821","CW","OTU_352",0.700704276296321,-0.647710056415968
"822","CW","OTU_3201",0.646682894263819,0
"823","CW","OTU_1171",0.735265032136651,-0.669850217978836
"824","CW","OTU_1845",0.697272490574237,-0.69087213143419
"825","CW","OTU_1172",0.712519871349559,-0.676437929364962
"826","CW","OTU_3100",0.663498400927963,0
"827","CW","OTU_521",0.66778791407564,-0.632362353500411
"828","CW","OTU_7470",0.685371917829014,-0.61835018024028
"829","CW","OTU_1838",0.735504915407736,-0.666385843788643
"830","CW","OTU_1718",0.725138887503816,-0.66670289937563
"831","CW","OTU_1857",0.715162954087278,-0.651664109362153
"832","CW","OTU_650",0.721879021955431,-0.666827799097887
"833","CW","OTU_8203",0.699027962293534,-0.603306431587017
"834","CW","OTU_7467",0.670698988878321,-0.624039914463608
"835","CW","OTU_1181",0.675739639915674,-0.655293893760714
"836","CW","OTU_1216",0.731147475979305,-0.656087834455496
"837","CW","OTU_3117",0.672455624892839,-0.647581508127834
"838","CW","OTU_850",0.71316271904143,-0.675032543680028
"839","CW","OTU_7333",0.681208662422964,-0.652345064552394
"840","CW","OTU_3272",0.711379198246907,-0.639086092189348
"841","CW","OTU_7632",0.701981202863139,-0.645951565642433
"842","CW","OTU_1213",0.696548397131317,-0.622082990052171
"843","CW","OTU_652",0.702036921612948,-0.662580797985937
"844","CW","OTU_7364",0.701407000761158,-0.665957825308524
"845","CW","OTU_3129",0.736662734053717,-0.680810435209746
"846","CW","OTU_3154",0.730665101985633,-0.693045521453039
"847","CW","OTU_1843",0.685051506856426,-0.64009077029517
"848","CW","OTU_430",0.661570475175472,-0.643004284214184
"849","CW","OTU_3112",0.716919689303232,-0.692703995235014
"850","CW","OTU_1185",0.676916462045489,-0.690413701387463
"851","CW","OTU_1892",0.699057930968406,-0.710301053869054
"852","CW","OTU_1826",0.736197707008414,-0.701839790846562
"853","CW","OTU_126",0.703098432290378,-0.69979395770465
"854","CW","OTU_902",0.70679549987985,-0.721417883218792
"855","CW","OTU_351",0.727686163017359,-0.711315447053767
"856","CW","OTU_264",0.689350113921455,-0.691952456798977
"857","CW","OTU_429",0.733696491035716,-0.71910927573821
"858","CW","OTU_1820",0.71620930751131,-0.682447326059116
"859","CW","OTU_428",0.744049463327839,-0.704919065712335
"860","CW","OTU_1890",0.725935106922568,-0.674489651758374
"861","CW","OTU_1902",0.746775912317014,-0.656172562052204
"862","CW","OTU_8226",0.70639948293594,-0.674822225491173
"863","CW","OTU_1163",0.749759567777038,-0.672512444339463
"864","CW","OTU_459",0.691542478485131,0
"865","CW","OTU_515",0.610246501959175,0
"866","CW","OTU_466",0.747692626699562,0
"867","CW","OTU_1189",0.734581308820708,-0.657271421782298
"868","CW","OTU_1827",0.631843581033046,-0.636633606763828
"869","CW","OTU_3344",0.703261839002953,-0.633005201826546
"870","CW","OTU_1883",0,-0.60295440239459
"871","CW","OTU_1475",0.665263531978551,0
"872","CW","OTU_1765",0.626682622910915,0
"873","CW","OTU_615",0.637612224093376,0
"874","CW","OTU_977",0.633137478896746,0
"875","CW","OTU_8127",0.699565838435171,-0.645788502230793
"876","CW","OTU_9026",0,-0.663938697075961
"877","CW","OTU_840",0.682833419196714,0
"878","CW","OTU_2290",0.656347897862071,0
"879","CW","OTU_414",0.653347873437771,-0.62598369594109
"880","CW","OTU_8256",0.740877333935442,0
"881","CW","OTU_710",0.702581533903026,-0.641748558732429
"882","CW","OTU_4348",0,-0.613995906229414
"883","CW","OTU_3101",0.636589092272202,0
"884","CW","OTU_64",0.672972982098349,0
"885","CW","OTU_849",0.641305398815104,0
"886","CW","OTU_2784",0.668564132673579,0
"887","CW","OTU_1828",0.625467360349732,0
"888","CW","OTU_1390",0.692772517574943,0
"889","CW","OTU_8343",0.667351761984135,0
"890","CW","OTU_1859",0.605218825188983,0
"891","CW","OTU_454",0.684603344493441,0
"892","CW","OTU_1136",0.636728753704062,0
"893","CW","OTU_7623",0.621436305821485,0
